method,train_config,attack,class,family,accuracy,average_precision,auc
FreqNet,gan,clean,MEAN_ALL,ALL,0.4647,0.4346,0.4093
FreqNet,gan,jpeg_q90,MEAN_ALL,ALL,0.4729,0.4336,0.3953
FreqNet,gan,jpeg_q80,MEAN_ALL,ALL,0.5051,0.4481,0.4003
FreqNet,gan,jpeg_q70,MEAN_ALL,ALL,0.4696,0.4046,0.3227
FreqNet,gan,jpeg_q60,MEAN_ALL,ALL,0.4168,0.3895,0.3089
FreqNet,gan,jpeg_q50,MEAN_ALL,ALL,0.4363,0.3928,0.3196
FreqNet,gan,jpeg_q40,MEAN_ALL,ALL,0.417,0.3958,0.3197
FreqNet,gan,jpeg_q30,MEAN_ALL,ALL,0.4552,0.4138,0.35
FreqNet,gan,jpeg_q20,MEAN_ALL,ALL,0.4299,0.391,0.2926
FreqNet,gan,blur_s1.0,MEAN_ALL,ALL,0.476,0.4639,0.4379
FreqNet,gan,blur_s2.0,MEAN_ALL,ALL,0.4734,0.4205,0.3638
FreqNet,gan,rot_30,MEAN_ALL,ALL,0.488,0.4826,0.4617
FreqNet,gan,rot_180,MEAN_ALL,ALL,0.5025,0.5134,0.4972
FreqNet,gan,gnoise_s0.05,MEAN_ALL,ALL,0.4585,0.4696,0.4692
FreqNet,gan,sp_0.02,MEAN_ALL,ALL,0.4356,0.4269,0.4202
FreqNet,gan,resize_0.5,MEAN_ALL,ALL,0.4987,0.4777,0.4564
FreqNet,gan,hflip,MEAN_ALL,ALL,0.472,0.4324,0.3938
FreqNet,dm_open,clean,MEAN_ALL,ALL,0.7445,0.7781,0.7407
FreqNet,dm_open,jpeg_q90,MEAN_ALL,ALL,0.7339,0.74,0.6957
FreqNet,dm_open,jpeg_q80,MEAN_ALL,ALL,0.6894,0.6989,0.6568
FreqNet,dm_open,jpeg_q70,MEAN_ALL,ALL,0.6988,0.7211,0.6962
FreqNet,dm_open,jpeg_q60,MEAN_ALL,ALL,0.6866,0.7221,0.6936
FreqNet,dm_open,jpeg_q50,MEAN_ALL,ALL,0.6803,0.6882,0.6605
FreqNet,dm_open,jpeg_q40,MEAN_ALL,ALL,0.6523,0.6634,0.6258
FreqNet,dm_open,jpeg_q30,MEAN_ALL,ALL,0.6622,0.6704,0.6394
FreqNet,dm_open,jpeg_q20,MEAN_ALL,ALL,0.6577,0.6879,0.6468
FreqNet,dm_open,blur_s1.0,MEAN_ALL,ALL,0.8159,0.8252,0.7949
FreqNet,dm_open,blur_s2.0,MEAN_ALL,ALL,0.8182,0.8343,0.8109
FreqNet,dm_open,rot_30,MEAN_ALL,ALL,0.6137,0.6672,0.6308
FreqNet,dm_open,rot_180,MEAN_ALL,ALL,0.5263,0.6395,0.5987
FreqNet,dm_open,gnoise_s0.05,MEAN_ALL,ALL,0.6151,0.7997,0.7921
FreqNet,dm_open,sp_0.02,MEAN_ALL,ALL,0.5341,0.7062,0.6949
FreqNet,dm_open,resize_0.5,MEAN_ALL,ALL,0.7787,0.8329,0.8079
FreqNet,dm_open,hflip,MEAN_ALL,ALL,0.7407,0.7744,0.7213
FreqNet,dm_closed,clean,MEAN_ALL,ALL,0.6582,0.6722,0.6415
FreqNet,dm_closed,jpeg_q90,MEAN_ALL,ALL,0.6721,0.6781,0.6458
FreqNet,dm_closed,jpeg_q80,MEAN_ALL,ALL,0.6672,0.6736,0.6548
FreqNet,dm_closed,jpeg_q70,MEAN_ALL,ALL,0.6719,0.6811,0.6605
FreqNet,dm_closed,jpeg_q60,MEAN_ALL,ALL,0.6654,0.6827,0.6646
FreqNet,dm_closed,jpeg_q50,MEAN_ALL,ALL,0.6843,0.6783,0.6291
FreqNet,dm_closed,jpeg_q40,MEAN_ALL,ALL,0.6665,0.6642,0.6255
FreqNet,dm_closed,jpeg_q30,MEAN_ALL,ALL,0.6495,0.6403,0.5897
FreqNet,dm_closed,jpeg_q20,MEAN_ALL,ALL,0.661,0.6402,0.5887
FreqNet,dm_closed,blur_s1.0,MEAN_ALL,ALL,0.7734,0.7764,0.7399
FreqNet,dm_closed,blur_s2.0,MEAN_ALL,ALL,0.7822,0.7746,0.7565
FreqNet,dm_closed,rot_30,MEAN_ALL,ALL,0.4997,0.5508,0.4947
FreqNet,dm_closed,rot_180,MEAN_ALL,ALL,0.3642,0.4355,0.3341
FreqNet,dm_closed,gnoise_s0.05,MEAN_ALL,ALL,0.6389,0.7533,0.7547
FreqNet,dm_closed,sp_0.02,MEAN_ALL,ALL,0.5142,0.5852,0.5959
FreqNet,dm_closed,resize_0.5,MEAN_ALL,ALL,0.7754,0.7736,0.7549
FreqNet,dm_closed,hflip,MEAN_ALL,ALL,0.6697,0.6889,0.6476
FreqNet,mix,clean,MEAN_ALL,ALL,0.6731,0.7328,0.7194
FreqNet,mix,jpeg_q90,MEAN_ALL,ALL,0.6434,0.7016,0.6914
FreqNet,mix,jpeg_q80,MEAN_ALL,ALL,0.6216,0.6492,0.6601
FreqNet,mix,jpeg_q70,MEAN_ALL,ALL,0.6197,0.6751,0.6701
FreqNet,mix,jpeg_q60,MEAN_ALL,ALL,0.6702,0.7511,0.7182
FreqNet,mix,jpeg_q50,MEAN_ALL,ALL,0.639,0.6976,0.7226
FreqNet,mix,jpeg_q40,MEAN_ALL,ALL,0.6047,0.6392,0.6378
FreqNet,mix,jpeg_q30,MEAN_ALL,ALL,0.608,0.6697,0.6537
FreqNet,mix,jpeg_q20,MEAN_ALL,ALL,0.5646,0.6221,0.6368
FreqNet,mix,blur_s1.0,MEAN_ALL,ALL,0.7362,0.7882,0.8091
FreqNet,mix,blur_s2.0,MEAN_ALL,ALL,0.7416,0.8213,0.8293
FreqNet,mix,rot_30,MEAN_ALL,ALL,0.557,0.6295,0.6173
FreqNet,mix,rot_180,MEAN_ALL,ALL,0.628,0.6798,0.6456
FreqNet,mix,gnoise_s0.05,MEAN_ALL,ALL,0.5504,0.6636,0.688
FreqNet,mix,sp_0.02,MEAN_ALL,ALL,0.639,0.6727,0.6988
FreqNet,mix,resize_0.5,MEAN_ALL,ALL,0.7609,0.8173,0.8181
FreqNet,mix,hflip,MEAN_ALL,ALL,0.6631,0.7491,0.703
NPR,dm_open,clean,MEAN_ALL,ALL,0.8054,0.8325,0.7926
NPR,dm_open,jpeg_q90,MEAN_ALL,ALL,0.7654,0.7947,0.7606
NPR,dm_open,jpeg_q80,MEAN_ALL,ALL,0.7801,0.8075,0.7725
NPR,dm_open,jpeg_q70,MEAN_ALL,ALL,0.7712,0.8207,0.7886
NPR,dm_open,jpeg_q60,MEAN_ALL,ALL,0.7809,0.8416,0.8186
NPR,dm_open,jpeg_q50,MEAN_ALL,ALL,0.7854,0.8304,0.8014
NPR,dm_open,jpeg_q40,MEAN_ALL,ALL,0.7828,0.8192,0.7841
NPR,dm_open,jpeg_q30,MEAN_ALL,ALL,0.7788,0.8242,0.7878
NPR,dm_open,jpeg_q20,MEAN_ALL,ALL,0.7939,0.8206,0.7828
NPR,dm_open,blur_s1.0,MEAN_ALL,ALL,0.8457,0.8432,0.8087
NPR,dm_open,blur_s2.0,MEAN_ALL,ALL,0.8518,0.8513,0.8122
NPR,dm_open,rot_30,MEAN_ALL,ALL,0.7822,0.8187,0.7997
NPR,dm_open,rot_180,MEAN_ALL,ALL,0.7064,0.7633,0.7402
NPR,dm_open,gnoise_s0.05,MEAN_ALL,ALL,0.7007,0.8068,0.7988
NPR,dm_open,sp_0.02,MEAN_ALL,ALL,0.6379,0.7836,0.7783
NPR,dm_open,resize_0.5,MEAN_ALL,ALL,0.8174,0.8434,0.8024
NPR,dm_open,hflip,MEAN_ALL,ALL,0.7918,0.8246,0.7906
NPR,dm_closed,clean,MEAN_ALL,ALL,0.6728,0.7027,0.6821
NPR,dm_closed,jpeg_q90,MEAN_ALL,ALL,0.6644,0.6947,0.6705
NPR,dm_closed,jpeg_q80,MEAN_ALL,ALL,0.678,0.7027,0.6853
NPR,dm_closed,jpeg_q70,MEAN_ALL,ALL,0.6614,0.6968,0.6803
NPR,dm_closed,jpeg_q60,MEAN_ALL,ALL,0.6708,0.7147,0.6994
NPR,dm_closed,jpeg_q50,MEAN_ALL,ALL,0.6538,0.6802,0.6707
NPR,dm_closed,jpeg_q40,MEAN_ALL,ALL,0.66,0.7064,0.6921
NPR,dm_closed,jpeg_q30,MEAN_ALL,ALL,0.682,0.7418,0.7183
NPR,dm_closed,jpeg_q20,MEAN_ALL,ALL,0.6944,0.7558,0.7385
NPR,dm_closed,blur_s1.0,MEAN_ALL,ALL,0.7573,0.784,0.7613
NPR,dm_closed,blur_s2.0,MEAN_ALL,ALL,0.814,0.8163,0.7829
NPR,dm_closed,rot_30,MEAN_ALL,ALL,0.6567,0.6805,0.6625
NPR,dm_closed,rot_180,MEAN_ALL,ALL,0.6319,0.6752,0.6748
NPR,dm_closed,gnoise_s0.05,MEAN_ALL,ALL,0.633,0.7178,0.6906
NPR,dm_closed,sp_0.02,MEAN_ALL,ALL,0.6123,0.6736,0.6867
NPR,dm_closed,resize_0.5,MEAN_ALL,ALL,0.8065,0.8076,0.7666
NPR,dm_closed,hflip,MEAN_ALL,ALL,0.677,0.7052,0.6804
NPR,mix,clean,MEAN_ALL,ALL,0.8439,0.9421,0.9451
NPR,mix,jpeg_q90,MEAN_ALL,ALL,0.7755,0.8965,0.8913
NPR,mix,jpeg_q80,MEAN_ALL,ALL,0.7387,0.8444,0.8445
NPR,mix,jpeg_q70,MEAN_ALL,ALL,0.7252,0.866,0.8734
NPR,mix,jpeg_q60,MEAN_ALL,ALL,0.7355,0.9115,0.9133
NPR,mix,jpeg_q50,MEAN_ALL,ALL,0.7316,0.9117,0.9145
NPR,mix,jpeg_q40,MEAN_ALL,ALL,0.7387,0.8543,0.8438
NPR,mix,jpeg_q30,MEAN_ALL,ALL,0.7391,0.8776,0.8903
NPR,mix,jpeg_q20,MEAN_ALL,ALL,0.7348,0.8616,0.8682
NPR,mix,blur_s1.0,MEAN_ALL,ALL,0.8992,0.9607,0.9622
NPR,mix,blur_s2.0,MEAN_ALL,ALL,0.9068,0.9671,0.9661
NPR,mix,rot_30,MEAN_ALL,ALL,0.7964,0.905,0.9021
NPR,mix,rot_180,MEAN_ALL,ALL,0.7409,0.9323,0.927
NPR,mix,gnoise_s0.05,MEAN_ALL,ALL,0.6723,0.7271,0.7456
NPR,mix,sp_0.02,MEAN_ALL,ALL,0.5935,0.6918,0.7014
NPR,mix,resize_0.5,MEAN_ALL,ALL,0.9278,0.9795,0.9773
NPR,mix,hflip,MEAN_ALL,ALL,0.8443,0.947,0.9416
D3,GANS,clean,MEAN_ALL,ALL,0.514,0.813,0.8578
D3,GANS,jpeg_q90,MEAN_ALL,ALL,0.5153,0.8334,0.8736
D3,GANS,jpeg_q80,MEAN_ALL,ALL,0.5171,0.8431,0.8831
D3,GANS,jpeg_q70,MEAN_ALL,ALL,0.5177,0.8344,0.8641
D3,GANS,jpeg_q60,MEAN_ALL,ALL,0.5201,0.8453,0.876
D3,GANS,jpeg_q50,MEAN_ALL,ALL,0.5177,0.8454,0.8778
D3,GANS,jpeg_q40,MEAN_ALL,ALL,0.5192,0.844,0.8741
D3,GANS,jpeg_q30,MEAN_ALL,ALL,0.5137,0.8494,0.8785
D3,GANS,jpeg_q20,MEAN_ALL,ALL,0.5168,0.8618,0.8846
D3,GANS,blur_s1.0,MEAN_ALL,ALL,0.5159,0.8185,0.8621
D3,GANS,blur_s2.0,MEAN_ALL,ALL,0.5174,0.8249,0.8741
D3,GANS,rot_30,MEAN_ALL,ALL,0.5299,0.7019,0.7354
D3,GANS,rot_180,MEAN_ALL,ALL,0.5037,0.7246,0.7903
D3,GANS,gnoise_s0.05,MEAN_ALL,ALL,0.5189,0.835,0.8579
D3,GANS,sp_0.02,MEAN_ALL,ALL,0.5504,0.7844,0.8149
D3,GANS,resize_0.5,MEAN_ALL,ALL,0.5168,0.812,0.8623
D3,GANS,hflip,MEAN_ALL,ALL,0.5174,0.8125,0.8575
D3,DM_OPEN,clean,MEAN_ALL,ALL,0.7903,0.8584,0.8528
D3,DM_OPEN,jpeg_q90,MEAN_ALL,ALL,0.7891,0.8611,0.861
D3,DM_OPEN,jpeg_q80,MEAN_ALL,ALL,0.7872,0.8516,0.8463
D3,DM_OPEN,jpeg_q70,MEAN_ALL,ALL,0.786,0.8486,0.8475
D3,DM_OPEN,jpeg_q60,MEAN_ALL,ALL,0.7872,0.8676,0.8621
D3,DM_OPEN,jpeg_q50,MEAN_ALL,ALL,0.7872,0.8783,0.8774
D3,DM_OPEN,jpeg_q40,MEAN_ALL,ALL,0.7927,0.8932,0.8967
D3,DM_OPEN,jpeg_q30,MEAN_ALL,ALL,0.7897,0.8798,0.8886
D3,DM_OPEN,jpeg_q20,MEAN_ALL,ALL,0.7918,0.8898,0.8876
D3,DM_OPEN,blur_s1.0,MEAN_ALL,ALL,0.7897,0.8531,0.8452
D3,DM_OPEN,blur_s2.0,MEAN_ALL,ALL,0.7879,0.8434,0.8402
D3,DM_OPEN,rot_30,MEAN_ALL,ALL,0.7796,0.8451,0.8439
D3,DM_OPEN,rot_180,MEAN_ALL,ALL,0.7531,0.798,0.7939
D3,DM_OPEN,gnoise_s0.05,MEAN_ALL,ALL,0.7906,0.834,0.8197
D3,DM_OPEN,sp_0.02,MEAN_ALL,ALL,0.7915,0.9015,0.9066
D3,DM_OPEN,resize_0.5,MEAN_ALL,ALL,0.79,0.848,0.8395
D3,DM_OPEN,hflip,MEAN_ALL,ALL,0.7906,0.8551,0.8452
D3,DM_CLOSED,clean,MEAN_ALL,ALL,0.7273,0.8608,0.8553
D3,DM_CLOSED,jpeg_q90,MEAN_ALL,ALL,0.7291,0.8749,0.8741
D3,DM_CLOSED,jpeg_q80,MEAN_ALL,ALL,0.7264,0.8724,0.871
D3,DM_CLOSED,jpeg_q70,MEAN_ALL,ALL,0.7267,0.8654,0.8676
D3,DM_CLOSED,jpeg_q60,MEAN_ALL,ALL,0.7267,0.8714,0.876
D3,DM_CLOSED,jpeg_q50,MEAN_ALL,ALL,0.727,0.8737,0.8785
D3,DM_CLOSED,jpeg_q40,MEAN_ALL,ALL,0.7285,0.8787,0.8811
D3,DM_CLOSED,jpeg_q30,MEAN_ALL,ALL,0.7282,0.8854,0.8845
D3,DM_CLOSED,jpeg_q20,MEAN_ALL,ALL,0.727,0.873,0.8732
D3,DM_CLOSED,blur_s1.0,MEAN_ALL,ALL,0.7267,0.856,0.8564
D3,DM_CLOSED,blur_s2.0,MEAN_ALL,ALL,0.7245,0.8545,0.8555
D3,DM_CLOSED,rot_30,MEAN_ALL,ALL,0.7196,0.8667,0.8778
D3,DM_CLOSED,rot_180,MEAN_ALL,ALL,0.7053,0.8456,0.8477
D3,DM_CLOSED,gnoise_s0.05,MEAN_ALL,ALL,0.705,0.8343,0.8394
D3,DM_CLOSED,sp_0.02,MEAN_ALL,ALL,0.7236,0.876,0.8736
D3,DM_CLOSED,resize_0.5,MEAN_ALL,ALL,0.7248,0.8567,0.8589
D3,DM_CLOSED,hflip,MEAN_ALL,ALL,0.7254,0.8564,0.8536
D3,MIX,clean,MEAN_ALL,ALL,0.9144,0.9909,0.9903
D3,MIX,jpeg_q90,MEAN_ALL,ALL,0.9177,0.9909,0.9906
D3,MIX,jpeg_q80,MEAN_ALL,ALL,0.9153,0.9915,0.9911
D3,MIX,jpeg_q70,MEAN_ALL,ALL,0.9064,0.9922,0.9916
D3,MIX,jpeg_q60,MEAN_ALL,ALL,0.9073,0.9907,0.9901
D3,MIX,jpeg_q50,MEAN_ALL,ALL,0.904,0.9911,0.9901
D3,MIX,jpeg_q40,MEAN_ALL,ALL,0.8966,0.99,0.9888
D3,MIX,jpeg_q30,MEAN_ALL,ALL,0.8957,0.992,0.9908
D3,MIX,jpeg_q20,MEAN_ALL,ALL,0.8905,0.9901,0.988
D3,MIX,blur_s1.0,MEAN_ALL,ALL,0.9214,0.9917,0.9912
D3,MIX,blur_s2.0,MEAN_ALL,ALL,0.922,0.9921,0.9918
D3,MIX,rot_30,MEAN_ALL,ALL,0.9028,0.9834,0.9823
D3,MIX,rot_180,MEAN_ALL,ALL,0.7832,0.976,0.9725
D3,MIX,gnoise_s0.05,MEAN_ALL,ALL,0.8716,0.9877,0.9868
D3,MIX,sp_0.02,MEAN_ALL,ALL,0.9235,0.9952,0.9948
D3,MIX,resize_0.5,MEAN_ALL,ALL,0.9242,0.9918,0.9913
D3,MIX,hflip,MEAN_ALL,ALL,0.9153,0.9903,0.9896
DeepFeatureX-SN,gan,clean,MEAN_ALL,ALL,0.5,0.5,0.5
DeepFeatureX-SN,gan,jpeg_q90,MEAN_ALL,ALL,0.5,0.5,0.5
DeepFeatureX-SN,gan,jpeg_q80,MEAN_ALL,ALL,0.5,0.5,0.5
DeepFeatureX-SN,gan,jpeg_q70,MEAN_ALL,ALL,0.5,0.5,0.5
DeepFeatureX-SN,gan,jpeg_q60,MEAN_ALL,ALL,0.5,0.5,0.5
DeepFeatureX-SN,gan,jpeg_q50,MEAN_ALL,ALL,0.5,0.5,0.5
DeepFeatureX-SN,gan,jpeg_q40,MEAN_ALL,ALL,0.5,0.5,0.5
DeepFeatureX-SN,gan,jpeg_q30,MEAN_ALL,ALL,0.5,0.5,0.5
DeepFeatureX-SN,gan,jpeg_q20,MEAN_ALL,ALL,0.5,0.5,0.5
DeepFeatureX-SN,gan,blur_s1.0,MEAN_ALL,ALL,0.5,0.5,0.5
DeepFeatureX-SN,gan,blur_s2.0,MEAN_ALL,ALL,0.5,0.5,0.5
DeepFeatureX-SN,gan,rot_30,MEAN_ALL,ALL,0.5,0.5,0.5
DeepFeatureX-SN,gan,rot_180,MEAN_ALL,ALL,0.5,0.5,0.5
DeepFeatureX-SN,gan,gnoise_s0.05,MEAN_ALL,ALL,0.5,0.5,0.5
DeepFeatureX-SN,gan,sp_0.02,MEAN_ALL,ALL,0.5,0.5,0.5
DeepFeatureX-SN,gan,resize_0.5,MEAN_ALL,ALL,0.5,0.5,0.5
DeepFeatureX-SN,gan,hflip,MEAN_ALL,ALL,0.5,0.5,0.5
DeepFeatureX-SN,dm_open,clean,MEAN_ALL,ALL,0.5,0.5,0.5
DeepFeatureX-SN,dm_open,jpeg_q90,MEAN_ALL,ALL,0.5,0.5,0.5
DeepFeatureX-SN,dm_open,jpeg_q80,MEAN_ALL,ALL,0.5,0.5,0.5
DeepFeatureX-SN,dm_open,jpeg_q70,MEAN_ALL,ALL,0.5,0.5,0.5
DeepFeatureX-SN,dm_open,jpeg_q60,MEAN_ALL,ALL,0.5,0.5,0.5
DeepFeatureX-SN,dm_open,jpeg_q50,MEAN_ALL,ALL,0.4962,0.4983,0.4962
DeepFeatureX-SN,dm_open,jpeg_q40,MEAN_ALL,ALL,0.5,0.5,0.5
DeepFeatureX-SN,dm_open,jpeg_q30,MEAN_ALL,ALL,0.4962,0.4983,0.4962
DeepFeatureX-SN,dm_open,jpeg_q20,MEAN_ALL,ALL,0.5,0.5,0.5
DeepFeatureX-SN,dm_open,blur_s1.0,MEAN_ALL,ALL,0.5,0.5,0.5
DeepFeatureX-SN,dm_open,blur_s2.0,MEAN_ALL,ALL,0.5,0.5,0.5
DeepFeatureX-SN,dm_open,rot_30,MEAN_ALL,ALL,0.5,0.5,0.5
DeepFeatureX-SN,dm_open,rot_180,MEAN_ALL,ALL,0.4925,0.4966,0.4925
DeepFeatureX-SN,dm_open,gnoise_s0.05,MEAN_ALL,ALL,0.4962,0.4984,0.4962
DeepFeatureX-SN,dm_open,sp_0.02,MEAN_ALL,ALL,0.5113,0.5075,0.5113
DeepFeatureX-SN,dm_open,resize_0.5,MEAN_ALL,ALL,0.5,0.5,0.5
DeepFeatureX-SN,dm_open,hflip,MEAN_ALL,ALL,0.4962,0.4983,0.4962
DeepFeatureX-SN,dm_closed,clean,MEAN_ALL,ALL,0.5151,0.5117,0.5151
DeepFeatureX-SN,dm_closed,jpeg_q90,MEAN_ALL,ALL,0.5151,0.5117,0.5151
DeepFeatureX-SN,dm_closed,jpeg_q80,MEAN_ALL,ALL,0.5151,0.5117,0.5151
DeepFeatureX-SN,dm_closed,jpeg_q70,MEAN_ALL,ALL,0.5151,0.5117,0.5151
DeepFeatureX-SN,dm_closed,jpeg_q60,MEAN_ALL,ALL,0.5151,0.5117,0.5151
DeepFeatureX-SN,dm_closed,jpeg_q50,MEAN_ALL,ALL,0.5151,0.5117,0.5151
DeepFeatureX-SN,dm_closed,jpeg_q40,MEAN_ALL,ALL,0.5151,0.5117,0.5151
DeepFeatureX-SN,dm_closed,jpeg_q30,MEAN_ALL,ALL,0.512,0.5084,0.512
DeepFeatureX-SN,dm_closed,jpeg_q20,MEAN_ALL,ALL,0.5151,0.5117,0.5151
DeepFeatureX-SN,dm_closed,blur_s1.0,MEAN_ALL,ALL,0.5151,0.5117,0.5151
DeepFeatureX-SN,dm_closed,blur_s2.0,MEAN_ALL,ALL,0.5151,0.5117,0.5151
DeepFeatureX-SN,dm_closed,rot_30,MEAN_ALL,ALL,0.5,0.5,0.5
DeepFeatureX-SN,dm_closed,rot_180,MEAN_ALL,ALL,0.503,0.502,0.503
DeepFeatureX-SN,dm_closed,gnoise_s0.05,MEAN_ALL,ALL,0.5151,0.5117,0.5151
DeepFeatureX-SN,dm_closed,sp_0.02,MEAN_ALL,ALL,0.5211,0.5187,0.5211
DeepFeatureX-SN,dm_closed,resize_0.5,MEAN_ALL,ALL,0.5151,0.5117,0.5151
DeepFeatureX-SN,dm_closed,hflip,MEAN_ALL,ALL,0.512,0.509,0.512
DeepFeatureX-SN,mix,clean,MEAN_ALL,ALL,0.548,0.5336,0.548
DeepFeatureX-SN,mix,jpeg_q90,MEAN_ALL,ALL,0.548,0.5336,0.548
DeepFeatureX-SN,mix,jpeg_q80,MEAN_ALL,ALL,0.552,0.5369,0.552
DeepFeatureX-SN,mix,jpeg_q70,MEAN_ALL,ALL,0.552,0.5377,0.552
DeepFeatureX-SN,mix,jpeg_q60,MEAN_ALL,ALL,0.552,0.5369,0.552
DeepFeatureX-SN,mix,jpeg_q50,MEAN_ALL,ALL,0.552,0.5369,0.552
DeepFeatureX-SN,mix,jpeg_q40,MEAN_ALL,ALL,0.552,0.5369,0.552
DeepFeatureX-SN,mix,jpeg_q30,MEAN_ALL,ALL,0.548,0.5336,0.548
DeepFeatureX-SN,mix,jpeg_q20,MEAN_ALL,ALL,0.552,0.5369,0.552
DeepFeatureX-SN,mix,blur_s1.0,MEAN_ALL,ALL,0.556,0.5403,0.556
DeepFeatureX-SN,mix,blur_s2.0,MEAN_ALL,ALL,0.552,0.5369,0.552
DeepFeatureX-SN,mix,rot_30,MEAN_ALL,ALL,0.528,0.5187,0.528
DeepFeatureX-SN,mix,rot_180,MEAN_ALL,ALL,0.52,0.5122,0.52
DeepFeatureX-SN,mix,gnoise_s0.05,MEAN_ALL,ALL,0.556,0.5411,0.556
DeepFeatureX-SN,mix,sp_0.02,MEAN_ALL,ALL,0.564,0.5491,0.564
DeepFeatureX-SN,mix,resize_0.5,MEAN_ALL,ALL,0.556,0.5403,0.556
DeepFeatureX-SN,mix,hflip,MEAN_ALL,ALL,0.596,0.58,0.596
ODDN,gan,clean,MEAN_ALL,ALL,0.7344,0.9473,0.805
ODDN,gan,jpeg_q90,MEAN_ALL,ALL,0.7385,0.9496,0.8134
ODDN,gan,jpeg_q80,MEAN_ALL,ALL,0.7394,0.9497,0.8138
ODDN,gan,jpeg_q70,MEAN_ALL,ALL,0.7483,0.9528,0.8252
ODDN,gan,jpeg_q60,MEAN_ALL,ALL,0.7542,0.9546,0.8322
ODDN,gan,jpeg_q50,MEAN_ALL,ALL,0.7506,0.9534,0.8275
ODDN,gan,jpeg_q40,MEAN_ALL,ALL,0.7436,0.9506,0.8177
ODDN,gan,jpeg_q30,MEAN_ALL,ALL,0.7542,0.9541,0.8304
ODDN,gan,jpeg_q20,MEAN_ALL,ALL,0.7552,0.9537,0.8293
ODDN,gan,blur_s1.0,MEAN_ALL,ALL,0.7457,0.948,0.8147
ODDN,gan,blur_s2.0,MEAN_ALL,ALL,0.7471,0.845,0.6856
ODDN,gan,rot_30,MEAN_ALL,ALL,0.4793,0.9093,0.7225
ODDN,gan,rot_180,MEAN_ALL,ALL,0.7301,0.9512,0.8225
ODDN,gan,gnoise_s0.05,MEAN_ALL,ALL,0.242,0.7224,0.4042
ODDN,gan,sp_0.02,MEAN_ALL,ALL,0.2328,0.6354,0.1345
ODDN,gan,resize_0.5,MEAN_ALL,ALL,0.7477,0.9421,0.808
ODDN,gan,hflip,MEAN_ALL,ALL,0.738,0.9483,0.8091
ODDN,dm_open,clean,MEAN_ALL,ALL,0.4333,0.9217,0.7636
ODDN,dm_open,jpeg_q90,MEAN_ALL,ALL,0.4334,0.9217,0.7633
ODDN,dm_open,jpeg_q80,MEAN_ALL,ALL,0.4333,0.9217,0.7634
ODDN,dm_open,jpeg_q70,MEAN_ALL,ALL,0.4339,0.9225,0.7659
ODDN,dm_open,jpeg_q60,MEAN_ALL,ALL,0.433,0.9229,0.7671
ODDN,dm_open,jpeg_q50,MEAN_ALL,ALL,0.4332,0.9234,0.7686
ODDN,dm_open,jpeg_q40,MEAN_ALL,ALL,0.4316,0.9222,0.7649
ODDN,dm_open,jpeg_q30,MEAN_ALL,ALL,0.4321,0.9229,0.7673
ODDN,dm_open,jpeg_q20,MEAN_ALL,ALL,0.4315,0.9241,0.7707
ODDN,dm_open,blur_s1.0,MEAN_ALL,ALL,0.4387,0.929,0.7857
ODDN,dm_open,blur_s2.0,MEAN_ALL,ALL,0.4416,0.9307,0.7922
ODDN,dm_open,rot_30,MEAN_ALL,ALL,0.4638,0.8822,0.6613
ODDN,dm_open,rot_180,MEAN_ALL,ALL,0.4459,0.8798,0.6578
ODDN,dm_open,gnoise_s0.05,MEAN_ALL,ALL,0.4162,0.8636,0.5959
ODDN,dm_open,sp_0.02,MEAN_ALL,ALL,0.4072,0.8835,0.6617
ODDN,dm_open,resize_0.5,MEAN_ALL,ALL,0.4377,0.9303,0.7899
ODDN,dm_open,hflip,MEAN_ALL,ALL,0.4366,0.9219,0.7627
ODDN,dm_closed,clean,MEAN_ALL,ALL,0.4326,0.9048,0.7137
ODDN,dm_closed,jpeg_q90,MEAN_ALL,ALL,0.4317,0.9037,0.7107
ODDN,dm_closed,jpeg_q80,MEAN_ALL,ALL,0.4323,0.9035,0.7102
ODDN,dm_closed,jpeg_q70,MEAN_ALL,ALL,0.4323,0.9035,0.7105
ODDN,dm_closed,jpeg_q60,MEAN_ALL,ALL,0.4317,0.9033,0.7099
ODDN,dm_closed,jpeg_q50,MEAN_ALL,ALL,0.4318,0.9035,0.7104
ODDN,dm_closed,jpeg_q40,MEAN_ALL,ALL,0.4314,0.9028,0.7083
ODDN,dm_closed,jpeg_q30,MEAN_ALL,ALL,0.4307,0.9032,0.7098
ODDN,dm_closed,jpeg_q20,MEAN_ALL,ALL,0.4288,0.9018,0.7054
ODDN,dm_closed,blur_s1.0,MEAN_ALL,ALL,0.4337,0.9193,0.7588
ODDN,dm_closed,blur_s2.0,MEAN_ALL,ALL,0.4561,0.9593,0.8711
ODDN,dm_closed,rot_30,MEAN_ALL,ALL,0.471,0.8849,0.665
ODDN,dm_closed,rot_180,MEAN_ALL,ALL,0.5082,0.8552,0.6371
ODDN,dm_closed,gnoise_s0.05,MEAN_ALL,ALL,0.4312,0.8914,0.6697
ODDN,dm_closed,sp_0.02,MEAN_ALL,ALL,0.4619,0.9554,0.8589
ODDN,dm_closed,resize_0.5,MEAN_ALL,ALL,0.4357,0.9318,0.7948
ODDN,dm_closed,hflip,MEAN_ALL,ALL,0.4339,0.9055,0.7155
ODDN,mix,clean,MEAN_ALL,ALL,0.8525,0.9832,0.94
ODDN,mix,jpeg_q90,MEAN_ALL,ALL,0.8663,0.9846,0.9447
ODDN,mix,jpeg_q80,MEAN_ALL,ALL,0.8672,0.9843,0.9436
ODDN,mix,jpeg_q70,MEAN_ALL,ALL,0.8684,0.9863,0.9504
ODDN,mix,jpeg_q60,MEAN_ALL,ALL,0.8664,0.987,0.953
ODDN,mix,jpeg_q50,MEAN_ALL,ALL,0.8667,0.9868,0.9522
ODDN,mix,jpeg_q40,MEAN_ALL,ALL,0.8616,0.9839,0.9426
ODDN,mix,jpeg_q30,MEAN_ALL,ALL,0.8619,0.9859,0.9495
ODDN,mix,jpeg_q20,MEAN_ALL,ALL,0.8536,0.9851,0.9467
ODDN,mix,blur_s1.0,MEAN_ALL,ALL,0.8908,0.9858,0.9496
ODDN,mix,blur_s2.0,MEAN_ALL,ALL,0.8779,0.9666,0.9114
ODDN,mix,rot_30,MEAN_ALL,ALL,0.4882,0.9501,0.8415
ODDN,mix,rot_180,MEAN_ALL,ALL,0.7599,0.9717,0.8984
ODDN,mix,gnoise_s0.05,MEAN_ALL,ALL,0.3192,0.749,0.3054
ODDN,mix,sp_0.02,MEAN_ALL,ALL,0.2919,0.7365,0.2742
ODDN,mix,resize_0.5,MEAN_ALL,ALL,0.8932,0.9847,0.9476
ODDN,mix,hflip,MEAN_ALL,ALL,0.8543,0.983,0.9392
SBI,real_only,clean,AttGAN,GANS,0.8718,0.8657,0.9353
SBI,real_only,clean,Dall-E 3,DM_CLOSED,0.8051,0.2749,0.8457
SBI,real_only,clean,Deep AI,DM_CLOSED,0.7833,0.1270,0.7260
SBI,real_only,clean,Flux.1,DM_OPEN,0.7842,0.1237,0.7382
SBI,real_only,clean,Flux.1.1 Pro,DM_CLOSED,0.7856,0.1395,0.7272
SBI,real_only,clean,GDWCT,GANS,0.8265,0.7289,0.9060
SBI,real_only,clean,Hotpot AI,DM_CLOSED,0.7614,0.0523,0.3917
SBI,real_only,clean,Midjourney,DM_CLOSED,0.8047,0.3192,0.8447
SBI,real_only,clean,Nvidia Sana PAG,DM_CLOSED,0.7977,0.1911,0.8066
SBI,real_only,clean,STARGAN,GANS,0.8957,0.9112,0.9546
SBI,real_only,clean,Stable Cascade,DM_OPEN,0.7865,0.1373,0.7275
SBI,real_only,clean,Stable DIffusion 3.5,DM_OPEN,0.7702,0.0805,0.5906
SBI,real_only,clean,Stable Diffusion Attend and Excite,DM_OPEN,0.7926,0.1685,0.7784
SBI,real_only,clean,Stable Diffusion XL,DM_OPEN,0.7865,0.1240,0.6852
SBI,real_only,clean,Starry AI,DM_CLOSED,0.7758,0.0971,0.6376
SBI,real_only,clean,StyleGAN,GANS,0.7609,0.0437,0.2531
SBI,real_only,clean,StyleGAN2,GANS,0.7591,0.0375,0.0937
SBI,real_only,clean,StyleGAN3,GANS,0.7591,0.0397,0.1709
SBI,real_only,clean,Tencent Hunyuan,DM_CLOSED,0.8005,0.2419,0.8271
SBI,real_only,clean,MEAN_GANS,GANS,0.8423,0.9295,0.8680
SBI,real_only,clean,MEAN_DM_OPEN,DM_OPEN,0.6909,0.4058,0.7040
SBI,real_only,clean,MEAN_DM_CLOSED,DM_CLOSED,0.6722,0.5869,0.7258
SBI,real_only,clean,MEAN_ALL,ALL,0.7463,0.9325,0.8255
SBI,real_only,jpeg_q90,MEAN_ALL,ALL,0.7494,0.9315,0.8257
SBI,real_only,jpeg_q80,MEAN_ALL,ALL,0.7478,0.9321,0.8260
SBI,real_only,jpeg_q70,MEAN_ALL,ALL,0.7512,0.9365,0.8372
SBI,real_only,jpeg_q60,MEAN_ALL,ALL,0.7608,0.9469,0.8586
SBI,real_only,jpeg_q50,MEAN_ALL,ALL,0.7554,0.9469,0.8588
SBI,real_only,jpeg_q40,MEAN_ALL,ALL,0.7450,0.9416,0.8445
SBI,real_only,jpeg_q30,MEAN_ALL,ALL,0.7380,0.9440,0.8498
SBI,real_only,jpeg_q20,MEAN_ALL,ALL,0.7249,0.9456,0.8532
SBI,real_only,blur_s1.0,MEAN_ALL,ALL,0.7161,0.8988,0.7872
SBI,real_only,blur_s2.0,MEAN_ALL,ALL,0.5780,0.7759,0.5997
SBI,real_only,rot_30,MEAN_ALL,ALL,0.7048,0.7755,0.5739
SBI,real_only,rot_180,MEAN_ALL,ALL,0.7279,0.8620,0.7146
SBI,real_only,gnoise_s0.05,MEAN_ALL,ALL,0.5989,0.8804,0.7464
SBI,real_only,sp_0.02,MEAN_ALL,ALL,0.4850,0.7791,0.5650
SBI,real_only,resize_0.5,MEAN_ALL,ALL,0.7073,0.8844,0.7711
SBI,real_only,hflip,MEAN_ALL,ALL,0.7463,0.9302,0.8203
